{"means": {"B01": 1403.9877731960696, "B02": 1167.222074864753, "B03": 1081.930870852014, "B04": 1074.523295284746, "B05": 1286.9104763392197, "B06": 1883.3488519931243, "B07": 2169.6320635450984, "B08": 2114.309979493008, "B8a": 2372.6436475595137, "B09": 751.0514094561588, "B10": 22.415402037219156, "B11": 2007.3334859504246, "B12": 1349.940967358177}, "stds": {"B01": 366.09429219851484, "B02": 347.66050780990406, "B03": 442.07821880957374, "B04": 711.9956972394427, "B05": 692.6330264387215, "B06": 789.9264836097112, "B07": 936.8343807106133, "B08": 921.5958757257864, "B8a": 1020.8715461523001, "B09": 445.3599813951396, "B10": 30.18399685403601, "B11": 1114.3537778345265, "B12": 977.11029855544}}